,action,action_mix,pre_vault,pre_pool_0,pre_pool_1,before_vault,before_pool_0,before_pool_1,after_vault,after_pool_0,after_pool_1
0,withdrawall,-2.0,66712399716827024805155,14242934255027827229177,15857742858560606821195,66712571953913925670961,18242934255027827229177,11548950629685360095223,66714746010881574661102,16420102681620710042601,10395436879987620336804
1,withdrawall,-1.2,66712399716827024805155,14242934255027827229177,15857742858560606821195,66712503287545946214832,16642934255027827229177,13266136421070725397652,66713177442335945992926,14980199351751540141657,11941109476394284935556
2,withdrawall,-0.3999999999999999,66712399716827024805155,14242934255027827229177,15857742858560606821195,66712434312317354167843,15042934255027826929177,14991946602558435487759,66712470281279603861620,13540296021882369970943,13494545055414007752686
3,withdrawall,0.3999999999999999,66712399716827024805155,14242934255027827229177,15857742858560606821195,66712431638950270851343,13505867050482667428761,16657742858560606521195,66712544799494050718437,12156895715868359306935,14993816904389017256114
4,withdrawall,1.2000000000000002,66712399716827024805155,14242934255027827229177,15857742858560606821195,66712495299215122511647,12036352111368635374694,18257742858560607321195,66713323271743301974538,10834156509200284929828,16433720234258187876648
5,withdrawall,2.0,66712399716827024805155,14242934255027827229177,15857742858560606821195,66712558692923073741931,10573783010213309875302,19857742858560606821195,66714853267974253915139,9517669387452615412383,17873623564127357327924
